GROUP,PACKAGE,CLASS,INSTRUCTION_MISSED,INSTRUCTION_COVERED,BRANCH_MISSED,BRANCH_COVERED,LINE_MISSED,LINE_COVERED,COMPLEXITY_MISSED,COMPLEXITY_COVERED,METHOD_MISSED,METHOD_COVERED
order-management-spring,com.swee.ordermanagementspring.config,ContractUsersConfig,69,0,8,0,11,0,7,0,3,0
order-management-spring,com.swee.ordermanagementspring.config,SecurityConfig,0,193,0,0,0,23,0,16,0,16
order-management-spring,com.swee.ordermanagementspring.config,OpenApiConfig,172,7,16,0,27,3,12,3,4,3
order-management-spring,com.swee.ordermanagementspring.entities.enums,PaymentStatus,0,27,0,0,0,5,0,1,0,1
order-management-spring,com.swee.ordermanagementspring.entities.enums,OrderStatus,0,33,0,0,0,6,0,1,0,1
order-management-spring,com.swee.ordermanagementspring.entities.enums,PixKeyType,0,27,0,0,0,5,0,1,0,1
order-management-spring,com.swee.ordermanagementspring.entities.auth,AppUser,0,36,0,0,0,12,0,7,0,7
order-management-spring,com.swee.ordermanagementspring.entities.auth,UserRole,0,15,0,0,0,1,0,1,0,1
order-management-spring,com.swee.ordermanagementspring.services,OrderService,230,211,28,13,39,37,28,10,8,8
order-management-spring,com.swee.ordermanagementspring.services,AddressService,86,3,0,0,16,1,6,1,6,1
order-management-spring,com.swee.ordermanagementspring.services,ProductService,142,6,17,0,23,3,16,1,7,1
order-management-spring,com.swee.ordermanagementspring.services,ClientService,168,6,21,0,29,3,19,1,8,1
order-management-spring,com.swee.ordermanagementspring.services,PaymentService,347,3,48,0,67,1,35,1,9,1
order-management-spring,com.swee.ordermanagementspring.entities.payment,Payment,25,21,0,0,11,9,7,4,7,4
order-management-spring,com.swee.ordermanagementspring.entities.payment,CardPayment,58,0,4,0,21,0,11,0,9,0
order-management-spring,com.swee.ordermanagementspring.entities.payment,PixPayment,85,20,12,0,26,8,15,2,9,2
order-management-spring,com.swee.ordermanagementspring.entities.payment,BoletoPayment,58,0,6,0,19,0,9,0,6,0
order-management-spring,com.swee.ordermanagementspring.exceptions,ProductException,4,0,0,0,2,0,1,0,1,0
order-management-spring,com.swee.ordermanagementspring.exceptions,OrderException,4,0,0,0,2,0,1,0,1,0
order-management-spring,com.swee.ordermanagementspring.exceptions,ResourceNotFoundException,4,0,0,0,2,0,1,0,1,0
order-management-spring,com.swee.ordermanagementspring.exceptions,PaymentException,4,0,0,0,2,0,1,0,1,0
order-management-spring,com.swee.ordermanagementspring.exceptions,ErrorResponse,0,39,0,0,0,14,0,7,0,7
order-management-spring,com.swee.ordermanagementspring.exceptions,GlobalExceptionHandler,69,53,0,0,15,9,5,4,5,4
order-management-spring,com.swee.ordermanagementspring.entities,Address,49,30,0,0,21,12,14,3,14,3
order-management-spring,com.swee.ordermanagementspring.entities,Order,26,92,0,2,10,27,6,13,6,12
order-management-spring,com.swee.ordermanagementspring.entities,OrderItem,22,37,0,0,10,12,6,6,6,6
order-management-spring,com.swee.ordermanagementspring.dto,OrderStatusUpdateDTO,10,0,0,0,4,0,3,0,3,0
order-management-spring,com.swee.ordermanagementspring.dto,AddressResponseDTO,71,0,0,0,27,0,10,0,10,0
order-management-spring,com.swee.ordermanagementspring.dto,PaymentRequestDTO,73,0,0,0,31,0,21,0,21,0
order-management-spring,com.swee.ordermanagementspring.dto,OrderItemRequestDTO,0,17,0,0,0,7,0,5,0,5
order-management-spring,com.swee.ordermanagementspring.dto,ClientRequestDTO,14,38,0,0,6,16,4,11,4,11
order-management-spring,com.swee.ordermanagementspring.dto,OrderResponseDTO,83,0,2,0,27,0,11,0,10,0
order-management-spring,com.swee.ordermanagementspring.dto,ClientResponseDTO,114,0,7,0,34,0,14,0,10,0
order-management-spring,com.swee.ordermanagementspring.dto,OrderItemResponseDTO,40,0,0,0,15,0,6,0,6,0
order-management-spring,com.swee.ordermanagementspring.dto,OrderPaymentRequestDTO,35,31,0,0,15,13,10,9,10,9
order-management-spring,com.swee.ordermanagementspring.dto,ProductResponseDTO,103,0,7,0,31,0,13,0,9,0
order-management-spring,com.swee.ordermanagementspring.dto,PaymentResponseDTO,194,0,18,0,52,0,28,0,18,0
order-management-spring,com.swee.ordermanagementspring.dto,OrderRequestDTO,4,34,0,0,2,14,1,10,1,10
order-management-spring,com.swee.ordermanagementspring.dto,ProductRequestDTO,45,0,0,0,19,0,13,0,13,0
order-management-spring,com.swee.ordermanagementspring.dto,AddressRequestDTO,4,48,0,0,2,20,1,14,1,14
order-management-spring,com.swee.ordermanagementspring.security,DatabaseUserDetailsService,5,19,0,0,0,4,1,2,1,2
order-management-spring,com.swee.ordermanagementspring.security,AppPrincipal,0,45,0,0,0,10,0,4,0,4
order-management-spring,com.swee.ordermanagementspring.security,SecurityJson,0,37,0,4,0,8,0,3,0,1
order-management-spring,com.swee.ordermanagementspring.entities.product,Product,14,25,0,0,6,11,4,5,4,5
order-management-spring,com.swee.ordermanagementspring.entities.product,PhysicalProduct,42,12,4,0,9,5,5,2,3,2
order-management-spring,com.swee.ordermanagementspring.entities.product,DigitalProduct,22,0,0,0,9,0,5,0,5,0
order-management-spring,com.swee.ordermanagementspring.controllers,ProductController,32,6,0,0,8,3,5,1,5,1
order-management-spring,com.swee.ordermanagementspring.controllers,AuthController,0,98,0,0,0,19,0,4,0,4
order-management-spring,com.swee.ordermanagementspring.controllers,AddressController,40,3,0,0,9,1,5,1,5,1
order-management-spring,com.swee.ordermanagementspring.controllers,AuthController.CsrfResponse,0,9,0,0,0,1,0,1,0,1
order-management-spring,com.swee.ordermanagementspring.controllers,ClientController,39,6,0,0,9,3,6,1,6,1
order-management-spring,com.swee.ordermanagementspring.controllers,AuthController.LoginResponse,0,6,0,0,0,1,0,1,0,1
order-management-spring,com.swee.ordermanagementspring.controllers,PaymentController,60,3,0,0,15,1,6,1,6,1
order-management-spring,com.swee.ordermanagementspring.controllers,OrderController,40,6,0,0,9,3,6,1,6,1
order-management-spring,com.swee.ordermanagementspring.controllers,AuthController.LoginRequest,0,23,1,3,0,2,1,3,0,2
order-management-spring,com.swee.ordermanagementspring.controllers,AuthController.UserSession,0,27,0,0,0,2,0,2,0,2
order-management-spring,com.swee.ordermanagementspring,OrderManagementSpringApplication,5,3,0,0,2,1,1,1,1,1
order-management-spring,com.swee.ordermanagementspring.entities.client,CorporateClient,29,0,0,0,12,0,6,0,6,0
order-management-spring,com.swee.ordermanagementspring.entities.client,IndividualClient,7,12,0,0,3,5,2,2,2,2
order-management-spring,com.swee.ordermanagementspring.entities.client,Client,28,18,0,0,12,8,8,3,8,3
